Ticker,Title,Sentiment
AAPL,Why Iâ€™m Short Apple (AAPL) March 225 Puts â€“ The Bubble is About to Burst,neutral
AAPL,AAPL 50k YOLO,positive
AAPL,Someone purchased $1.3 BILLION worth of $AAPL stock on Friday at the closeðŸ˜®,positive
AAPL,AAPL; please stay up this time to keep over 7 figures,positive
AAPL,Chinese Foxconn workers facing off against police at the largest iPhone factory. Puts on AAPL.,neutral
AAPL,"$AAPL Vision Pro, letting me lose my savings in VR",negative
AAPL,Apple's head of iphone and Apple watch design leaving the company $AAPL,neutral
AAPL,AAPL : the only DD you'll ever need,neutral
AAPL,NVDA's market cap surpasses AAPL's market cap for the first time.,neutral
AAPL,I wonder why AAPL is cratering,neutral
AAPL,"Feel bad about missing a play? Be inspired by the highly regarded Nolan Bushnell, who declined an offer to buy a third of $AAPL for $50k",neutral
AAPL,I trade AAPL for a living,neutral
AAPL,Good thing $AAPL makes up 8% of the S&P 500:,positive
AAPL,Berkshire Hathaway cuts AAPL position by 13%,negative
AAPL,RIP $AAPL ðŸ’€,neutral
AAPL,44k AAPL Short,neutral
AAPL,Bears feasting on AAPL next week confirmed,neutral
AAPL,"$AAPL initiated with buy rating at Goldman Sachs, price target $199",neutral
AAPL,Nancy Pelosi nailed the exact NASDAQ bottom on May 24th buying $AAPL and $MSFT calls.,neutral
AAPL,AAPL's innovative product strategy,positive
AAPL,Vision Proâ€™s coming. What are your AAPL moves??,positive
AAPL,Long $AAPL,neutral
AAPL,"Bought puts on AAPL and calls on F, GOOG and AMZN yesterday, got all 4 wrong",negative
AAPL,What is going in with $AAPL,neutral
AAPL,"YOLOing my $30k house down payment on AAPL and CLOV, bank said I can't buy house for 3 months after forbearance.",neutral
AAPL,SHORT $AAPL,neutral
AAPL,"Apple started WWIII so that phones would be destroyed, reducing the average upgrade cycle time. Long $AAPL.",negative
AAPL,Where's the guy who swore AAPL puts will print today? Guess we still have a few hours of life support ,positive
AAPL,"For my next trick, I'll set $107,000 on fire. 200 x AAPL $305 Calls expiring tomorrow.",negative
AAPL,YOLO $AAPL PUTS UPDATE,positive
AAPL,Bye folks. This community ruined me and my life ,negative
AAPL,Snoop Dogg using Robinhood infinite leverage glitch for OTM puts on AAPL earnings GUH,neutral
AAPL,Are you shitting me rn ,negative
AAPL,AAPL - buy the dip,neutral
AAPL,"Warren Buffett sold big chunks in Aapl, maybe he will go buy INTEL to save the grandson. ",positive
AAPL,$AAPL to the moon,neutral
AAPL,"Employee sues $AAPL, says Tim spying on them via personal devices ",neutral
AAPL,$90k AAPL puts yolo,positive
AAPL,Here's why AAPL might be a solid buy at ATH,positive
AAPL,"You missed META, NFLX, GOOGL? Try AAPL",negative
AAPL,"Daily Popular Tickers Thread for September 15, 2021 - IRNT | GME | AAPL",positive
AAPL,This is what will ACTUALLY happen to TSLA and AAPL on Monday open,neutral
AAPL,JPOW usually reads from his beloved paper sheets. Today he's reading from an iPad. $AAPL Calls. Highly regarded.,positive
AAPL,My wife just started options. Sheâ€™s up 3k so far. Any advice?,neutral
AAPL,Are there any early buyers? AAPL,neutral
AAPL,AAPL About to Take a Dive - $14k in Weekly $175 Puts.,neutral
AAPL,AAPL NVDA AMZN PUTS ðŸ¦ðŸ¦ðŸ¦ðŸ¦,neutral
AAPL,iPhone or $AAPL?,neutral
AAPL,APPLE CONFIRMS COLLABORATION WITH CHATGPT $AAPL $MSFT,neutral
AAPL,Update on AAPL ðŸ,neutral
AAPL,Burryâ€™s Portfolio with AAPL Short,neutral
AAPL,CR-AAPL is a BUY. The AI bull market is only beginning.,neutral
AAPL,AAPL Earning Here I Come ðŸ,neutral
AAPL,"BACK IN THE GREEN, WE ARE SO BACK.",neutral
AAPL,Fidelity is glitched right now if you have AAPL or TSLA shares. It says that Iâ€™m a millionaire,positive
AAPL,People who stayed in during the AAPL event,neutral
AAPL,AAPL Saved my Portfolio,positive
AAPL,Joining this sub was the worst decision iâ€™ve ever made,negative
AAPL,$AAPL ðŸ is literally saving my ass from the $WISH buttfucking ðŸ’ŽðŸ’Ž,neutral
AAPL,How many of you bought the dip and quit wendyâ€™s?,neutral
AAPL,"I've never seen such bullshit in my 3 weeks of trading. JPOW said ""US economy is well - effectively""!",positive
AAPL,LOONNNGG AAPL,neutral
AAPL,Right now in Cupertino. AAPL. ,neutral
AAPL,Why AAPL TSLA will keep climbing ðŸ¥¦ðŸ¥¦ðŸ¥¦ðŸ¥¦ðŸ¥¦,neutral
AAPL,AAPL vent,neutral
AAPL,Holding AAPL calls and not selling before the WWDC event . Am I a regard for holding? Perhaps.,neutral
AAPL,I do technical analysis so you donâ€™t have to -Saturday edition. FB + AAPL,neutral
AAPL,"Uninstalled app for a year, came back to 10k gains",positive
AAPL,I just bought elongated puts AAPL,neutral
AAPL,"â€œHey Wife, look what I did today at work!â€ -JPOW",neutral
AAPL,"$AAPL trying to stop the bleeding, unloading all the news for the month in one day",negative
AAPL,WTF is going on? (AAPL),negative
AAPL,"Daily Popular Tickers Thread for July 16, 2021 - AMC | GME | AAPL",positive
AAPL,"16K into AAPL calls, 8k into Shares",positive
AAPL,AAPL currently showing a Bart Simpson formation and is primed for a Homer breakout,neutral
AAPL,Me watching my AAPL puts,neutral
AAPL,How to play extremely high-risk FDs with 1000% upside. With $JNJ and $AAPL as examples.,positive
AAPL,AAPL to the rescue today,positive
AAPL,AAPL vs. the entire Australian stock exchange,neutral
AAPL,Puts on AAPL until they release Apple Vision,positive
AAPL,"Foxconn: Workers Flee From Worldâ€™s Largest iPhone Factory, Puts on AAPL",neutral
AAPL,"Steve Jobs still provides $AAPL support from Egypt,",positive
AAPL,$AAPL,neutral
AAPL,Is AAPL doomed? Or will AI save it?,negative
AAPL,YOLO in $AMD and $AAPL. This is my update for AMD. Iâ€™m up 110% and looking forward the 7/27 earnings call,positive
AAPL,Microsoft Becomes The Most Valuable Company In The World,positive
AAPL,"$AAPL Apple earnings thread; Keep all discussion here. Posts will be removed, people will be banned",negative
AAPL,Dear TSLA AAPL tards,positive
AAPL,"Daily Popular Tickers Thread for July 15, 2021 - AMC | GME | AAPL",positive
AAPL,Letâ€™s rename the S&P â€œAAPL&Coâ€,neutral
AAPL,AAPL Earnings ðŸ“‰ðŸ“‰ðŸ“‰,neutral
AAPL,$APPL Vision Pro letting me short $BA from 30k feet in the sky,positive
AAPL,"All is not well with this economy, yet stocks keep going up.",negative
AAPL,NVIDIA is now a $2.3 trillion company. On pace to pass APPLE within days,neutral
AAPL,AAPL Earnings prayer circle,neutral
AAPL,Please don't put a pin in that balloon,positive
AAPL,Fed Olympics,neutral
AAPL,"+1,388% in three weeks, Should I sell?",neutral
AAPL,Siri Upgrade Leak - WWDC on Monday - AAPL to 200$ ?,negative
AAPL,"Come on folks, this was such an obvious outcome",neutral
AAPL,The market is NVDA. Put everything on NVDA and retire. Unstoppable stock,negative
AAPL,ITS A MAG 7 SUMMER ðŸ¤‘ $AAPL $AMZN $TSLA,neutral
AAPL,NVIDIA is the biggest company in the world right now ,neutral
AAPL,"China blocks use of Intel and AMD chips in government computers, FT reports By Reuters",negative
AAPL,God Bless America And God Bless Tim COOK,positive
AAPL,My theory why buffet sold aapl,neutral
AAPL,I Jelq AAPL for a living,neutral
AAPL,The Biggest Short: Why $AAPL Is An Overvalued Company in Decline,neutral
AAPL,$AAPL Apple Earnings Thread; Keep all discussion here,neutral
AAPL,"$AAPL Apple Earnings Thread; Keep all discussion here. Posts after this will be removed, people will be banned.",negative
AAPL,"For those who have been around for a while: What are the most outlandish bets, gains, or losses you've seen on r/wallstreetbets?",neutral
AAPL,Here's what I think of AAPL,neutral
AAPL,Sell AAPL,neutral
AAPL,AAPL YOLO letâ€™s gooooooo. Jacked to the tits! ðŸš€ðŸš€ðŸš€ðŸŽðŸŽðŸŽ,positive
AAPL,"Daily Popular Tickers Thread for July 28, 2021 - AAPL | BABA | MSFT",positive
AAPL,Manchin shuts down build back better plan. RIP recovery HELLO crash,positive
AAPL,"MSFT and AAPL are overvalued and overbought, Wallstreet is expecting too much from AI.",neutral
AAPL,"Kevin O'Leary Live Now thinks a second kick of life is coming to GameStop, says ""If I was short that stock right now I would be worried""",negative
AAPL,Apple is down 15% since my post where I warned about Berkshire keeping 47.6% of their $300 billion public portfolio in Apple,negative
AAPL,$aapl - 'Big Short' investor Michael Burry reveals bet against Apple stock â€” and built stakes in Alphabet and Meta last quarter,neutral
AAPL,Itâ€™s joever for $AAPL,neutral
AAPL,AAPL up & NVDA down afterhours - Apple building new AI chips for datacenters,neutral
AAPL,NVDA market cap is getting very close to AAPL,neutral
AAPL,A MESSAGE FOR GME SHORT SELLERS,neutral
AAPL,AAPL $150 BY 10/01,neutral
AAPL,$AAPL Doesnâ€™t Deserve $180 Change My Mind,neutral
AAPL,AAPL YOLO,positive
AAPL,"$AAPL Apple Special Event Announcement Megathread - March 25, 2019",positive
AAPL,The $AAPL is falling further away from the tree.,negative
AAPL,PSA: Short $AAPL. DD attached.,neutral
AAPL,I see investors are real happy about Apple pulling a Meta,positive
AAPL,"Have I actually figured something out that works, or did I just get lucky during a bullish year?",positive
AAPL,"After being unseated as the world's most valuable company, Apple continues to be in the wilderness.",positive
AAPL,"Earnings for the coming week, if anyone actually gives a shit?",negative
AAPL,$AAPL buys back $80B in stock for trailing-twelve-months,neutral
AAPL,big $AAPL short squeeze tomorrow confirmed before bear feast,neutral
AAPL,"Apple / $AAPL, the world's most popular stock in the past decade for shares trading and investing, has proven itself time after time! Its gains has held throughout this entire year",positive
AAPL,Weekly Earnings thread 10/28 - 11/1,neutral
AAPL,Aapl,neutral
AAPL,"As promised, here is my take in from my 5 AAPL Puts as promised",positive
AAPL,Chipotle now lmao,positive
AAPL,What happened to Santa?,neutral
AAPL,"If you haven't lost it all on $NFLX and $BIDU puts, you can try again this week with $TSLA, $AAPL, and your mom's favorite stock $GPRO",positive
AAPL,aapl earnings YOLO,positive
AAPL,DOJ absurdly compares AAPL share buybacks with R&D spend,positive
AAPL,GOEV & AAPL TALKS CONFIRMED. DEGENERATES UNITE,neutral
AAPL,Long-term investor gains,positive
AAPL,"Alright so I'm up 183% on my AAPL calls, when do I sell?",positive
AAPL,Bought a ton of long call options on $AAPL,neutral
AAPL,my intricate stock analysis proves i should throw my life savings into $AAPL,positive
AAPL,Forgot I had an ally account with $AAPL in it,neutral
AAPL,AAPL above 200!!!,neutral
AAPL,The stock market should NOT bottom until $AAPL is $60,neutral
AAPL,Sh!t! There goes my $AAPL Pie,neutral
AAPL,Going all in on AAPL ahead of their new product launch today ðŸš€ðŸš€,neutral
AAPL,Do I have a chance? Holding AAPL call,positive
AAPL,AAPL vs. NVDA Comps,neutral
AAPL,Never been so excited for markets to open tomorrow,positive
AAPL,"And I bought calls, who else?",neutral
AAPL,AAPL just ended TM's trade war,negative
AAPL,Why AAPL TSLA MSFT FB NVDA will go Even higher,neutral
AAPL,Nvidia is trading at only 38x price to sales,neutral
AAPL,"Daily Option Statistics for AMC, CLOV, GME, NOK, SPCE, AAPL, BB, TSLA, SOFI, WISH and others.",positive
AAPL,"What Are Your Moves Tomorrow, March 25, 2024",neutral
AAPL,Lossed it all (again) on NVDA and AAPL,neutral
AAPL,"From 1k to 1M. If it can be done once, it can be done twice.",neutral
AAPL,Some AAPL DD for you retards,neutral
AAPL,$AAPL Calls,neutral
AAPL,Diversification is Important,positive
AAPL,NVDA AAPL gains realized (2 fotos),positive
AAPL,DOWN GOES $APPL,neutral
AAPL,Is it time to invest in AAPL ? It has reached a 4 month low as of yesterday.,negative
AAPL,115.4M NVDA was bought and 107.1M AAPL was sold at 4pm ET. XLK Rebalance?,neutral
AAPL,The REAL Greatest Short Burn of the Century,positive
AAPL,"Apple is now worth more than Alphabet, Amazon and Meta combined",positive
AAPL,the market won't stop selling until tsla and aapl stop selling. WHEN THE FUCK ARE THEY GONNA STOP?,negative
AAPL,LETS FUCKING GO AAPL,neutral
AAPL,$AAPL Initiate ThrustersðŸš€ðŸš€ðŸš€,neutral
AAPL,My 1st grader brought this home from school today. Long dated CALLS on AAPL and TSLA,neutral
AAPL,All in AAPL ðŸ“ˆ,neutral
AAPL,Apple is no 2 company in the world now. Oh Tim...!!! ðŸ˜¥,positive
AAPL,Bet the majority of my portfolio on AAPL calls.,neutral
AAPL,1000% AAPL $420 fd's bought on the dip today after open,neutral
AAPL,I am the guy who 10Xâ€™d a $45K YOLO in BBBY. The following is my analysis on why I believe this run is just beginningâ€¦ (The Ryan Cohen Effect).,positive
AAPL,Our Favorite Twitter Account Strikes Again,positive
AAPL,$AAPL has had a rough go at it lately even though projected 70% of mobile users use Apple phones. Upside?,neutral
AAPL,Why did AAPL's valuation change from 10-11x cash flow for a decade to 23x in 2021? The business did not change.,neutral
AAPL,$AAPL Earnings thread: $2.73 vs. $2.67 Est.; Q2 Revs. $61.1B vs. $60.82B,neutral
AAPL,One more thing AAPL event coming,neutral
AAPL,AAPL is topping. You should not own it.,neutral
AAPL,Why Apple has much more room to grow within the next year. $AAPL,neutral
AAPL,Live look at the market this morning,neutral
AAPL,"10K AAPL right now, hold 18 months",neutral
AAPL,300k+ AAPL Apple YOLO. Tim Cook pls COOK me up some tendies,positive
AAPL,Mag 7 hit hard,negative
AAPL,Had some great timing buying 20k worth of AAPL 140c early this morning!,positive
AAPL,"Historical Post Earnings Moves MEGA Compilation AND Analysis (Q3 Week 3) - $AAPL, $FB, $AMD, $MSFT, $SHOP, $AMZN, $GOOG and More",neutral
AAPL,Should I sell AAPL? Cramer says sell. So double down right?,neutral
AAPL,Change my mind: NVDA the AAPL of this generation,neutral
AAPL,Apple Earnings (AAPL): A Sensible Discussion,neutral
AAPL,APPLE CARD: Long $AAPL $GS $MC,neutral
AAPL,$50 to $1300 in a week with $AAPL and $FB CALLS,neutral
AAPL,$GOOG the BFTG,neutral
AAPL,"What Are Your Moves Tomorrow, April 8, 2024",neutral
AAPL,$AAPL is the US economy,neutral
AAPL,AAPL earnings thread - today after the bell,neutral
AAPL,They are on to us... r/wallstreetbets on Bloomberg,neutral
AAPL,XLK forced to buy $10B of NVDA,negative
AAPL,Youâ€™re on stocks? Iâ€™m focused on passive income. We are not the same. ðŸš€ðŸš€ðŸš€ðŸš€,positive
AAPL,WSB summed up afterhours today [$AAPL INSIDE],neutral
AAPL,"$AAPL overperforms ER expectations, so call options naturally...plummet???",neutral
AAPL,Sold my AAPL and INMD to join you retards.,positive
AAPL,"Apple Inc (AAPL) CEO Timothy Cook Sells 196,410 Shares",positive
AAPL,Easy gains tomorrow guys...,positive
AAPL,"Daily Option Statistics for GME, AMC, CLOV, WISH, DIDI, SPCE, AMD, BABA, AAPL and others.",positive
AAPL,"My dad told me to invest in Index Funds because ""individual traders never beat the market"". Gain 69k",positive
AAPL,$AAPL earnings 2 May after Bell,neutral
AAPL,$AAPL Apple Earnings thread; Keep all discussion,neutral
AAPL,AAPL Earnings Yolo,positive
AAPL,The WSB Guest List,neutral
AAPL,Weekly Earnings Thread 1/27 - 1/31,neutral
AAPL,Stolen from a Seinfeld facebook group,negative
AAPL,WSB. The factory of dreams and moons.,positive
AAPL,$AAPL Gang Rise Up,neutral
AAPL,"No sell, no top. It doesn't matter what anyone else says... $GME $AMC",negative
AAPL,"Daily option statistics for NEGG, AMC, GME, CLOV, WISH, AAPL, PLTR, SOFI, CLNE and others.",positive
AAPL,AAPL -don't buy (yet),neutral
AAPL,AAPL Revenue Beat,neutral
AAPL,Everything is priced in,neutral
AAPL,Took 4K in student loans and dropped out of college last may. Bought TSLA an BA shares. Sold them for a loss and bought 1 year AAPL puts. I even bought GME over $380 lol.,positive
AAPL,Short $AAPL,neutral
GOOGL,Why is nobody talking about GOOGL?,neutral
GOOGL,New trades from our lady and leader $GOOGL $AMZN $NVDA $PANW $TEM $VST. Sold $APPL. What does this mean? ðŸ¤” bear fukt ðŸ³ï¸â€ðŸŒˆðŸ»ðŸ–•ðŸ»ðŸ¤¡ðŸ–•ðŸ»,neutral
GOOGL,DOJ doesn't understand software and why GOOGL is an obvious play,positive
GOOGL,Google +900k gain,positive
GOOGL,"Russian court fines Google $20,000,000,000,000,000,000,000,000,000,000,000",neutral
GOOGL,Google is doing layoffs,neutral
GOOGL,Nvidia Is Now More Valuable Than Amazon And Google,positive
GOOGL,GOOG: The Guy Who Killed Yahoo Search is Now Running Google's,negative
GOOGL,Puts on $GOOGL,neutral
GOOGL,Burry is a fan of Musk - Google and Meta next?,positive
GOOGL,Google cut manager and VP roles by 10% in its efficiency push.,positive
GOOGL,Google AI chatbot Bard offers inaccurate information in company ad; stock down -7.5%,neutral
GOOGL,Here's why $GOOGL was up today,neutral
GOOGL,Google helps Robinhood after swarm of negative reviews drops company to 1-star rating. Fuck Google and Robinhood,negative
GOOGL,"Wiz walks away from $23 billion deal with Google, will pursue IPO",neutral
GOOGL,"Google AI chatbot responds with a threatening message: ""Human â€¦ Please die.""",negative
GOOGL,"GOOGL falling wedge, buy all in?",negative
GOOGL,Google is done for....,neutral
GOOGL,Google is laying off People this weekend Bullish.,neutral
GOOGL,90 bucks to 3300. Trade was active less than 40 minutes. GOOGL calls,positive
GOOGL,Holy crap guys the recession is truly here Google crashes 95% over the weekend! Whatâ€™s next???,negative
GOOGL,"Man stole $122m from Facebook and Google by sending them random bills, which the companies dutifully paid",neutral
GOOGL,"Google likely to layoff 30,000 employees post new AI innovation",positive
GOOGL,but GOOGLE beat earnings!,neutral
GOOGL,If Google breaks up into multiple companies is that a good thing?,positive
GOOGL,Googleâ€™s Gemini is already winning the next-gen assistant wars,negative
GOOGL,Report: DoJ may want to break up Google,positive
GOOGL,What's up with Google?,neutral
GOOGL,Nvidia is now more valuable than Amazon and Google after hitting $1.83 trillion market cap,positive
GOOGL,Google issues first ever dividend.,neutral
GOOGL,Apple joins Google antitrust fight to protect $20B search partnership ,neutral
GOOGL,GOOGL ðŸ‘€ðŸ’¥,negative
GOOGL,Wish blocked in France: 95% of products do not comply with EU legislation. Google must remove it from searches,positive
GOOGL,Thanks GOOGL,positive
GOOGL,"TSLA stock price correlates with Google searches for ""never gonna give you up"".",neutral
GOOGL,Google Bard,neutral
GOOGL,Google Earnings Loss,negative
GOOGL,GOOGL TO 4K: Google parent Alphabet announces 20-for-1 stock split,neutral
GOOGL,$50k Google Options YOLO,positive
GOOGL,"BEARISH SIGNAL - Google trends searches for ""Laid off"" are reaching levels we have only seen since March 2020 and the 2008 recession.",negative
GOOGL,Are you shitting me rn ,negative
GOOGL,Options changed my life ,neutral
GOOGL,Google is going nowhere . Time to get this to 200,neutral
GOOGL,Google's best Gemini demo was faked,positive
GOOGL,"For the love of god, google ""Kelly Criterion""",positive
GOOGL,Gains are not worth the risk,positive
GOOGL,"Walmart raising prices for consumers after tariffs, Google possibly hacked, Amazonâ€™s Twitch banned in China, Another Executive Resigns from Tesla, Facebook â€œPortalâ€ and more.",negative
GOOGL,"You missed META, NFLX, GOOGL? Try AAPL",negative
GOOGL,"""Margin call"" search results blew up last Friday (via Google trends)",neutral
GOOGL,Google's Breakup Is Starting to Get Priced In; Valuation has fallen as analysts are less optimistic. ,negative
GOOGL,"Nokia partners with Microsoft, Google, and Amazon.",positive
GOOGL,Google placing TSLA in good company,positive
GOOGL,"GOOGLE: The Real Leader In AI, Robotics and Self Driving ",neutral
GOOGL,"I think I've been visiting wsb too much, Google's starting to recommend how to generate loss porn",positive
GOOGL,Google Loses EU Court Fight to Overturn â‚¬2.4 Billion Fine,negative
GOOGL,$GOOGL stock has its worst day since start of the Covid pandemic in March 2020,negative
GOOGL,"BACK IN THE GREEN, WE ARE SO BACK.",neutral
GOOGL,"""Don't pick up Google, it's overvalued at $90 my nutz.",neutral
GOOGL,Google hits all-time high with $2-trillion valuation now in sight,neutral
GOOGL,$BB - Y'all don't talk enough about Blackberry here. Google + Qualcomm partnership is huge.,positive
GOOGL,"OpenAI plans to announce Google search competitor on Monday, sources say",neutral
GOOGL,Jensen Huang basically told us what to invest in.,neutral
GOOGL,"Forbes: Nvidia, Google And Microsoft Are Betting Billions On Biotechâ€™s AI Future",neutral
GOOGL,"I've never seen such bullshit in my 3 weeks of trading. JPOW said ""US economy is well - effectively""!",positive
GOOGL,Update: I spent a quarter million dollars on rocks. ,neutral
GOOGL,"Google Lays Off Hundreds in Hardware, Voice Assistant Teams",neutral
GOOGL,"Google-backed, AI-developed drugs are headed to trial by 2026, DeepMind CEO says",neutral
GOOGL,RH is limiting these stocks by the way https://www.google.com/amp/s/investorplace.com/2021/01/robinhood-bans-reddit-stocks-wallstreetbets-gme-cciv-sndl-jagx-amc-nok-bb/amp/,neutral
GOOGL,Google: The Google AI is NOT sentient.... Meanwhile at Google. (Puts on Humanity),neutral
GOOGL,Google considers charging for AI-powered search in big change to business model,neutral
GOOGL,"â€œHey Wife, look what I did today at work!â€ -JPOW",neutral
GOOGL,Googleâ€™s emissions climb nearly 50% in five years due to AI energy demand,positive
GOOGL,Left the party before they brought out the cakeâ€¦,positive
GOOGL,Apple lost its innovative magicï¼Ÿ,positive
GOOGL,Get in on Uranium Now,neutral
GOOGL,$GOOGL is trading at 5-year low P/E,negative
GOOGL,The Department of Justice asks court to force Google to spin off Chrome,positive
GOOGL,Apple Is in Talks to Let Googleâ€™s Gemini Power iPhone Generative AI Features,neutral
GOOGL,"Thank you, random guy, for posting on Google's behalf two weeks ago.",positive
GOOGL,GOOGL gains ,positive
GOOGL,I told my grandson I have 4000 NVDA shares so he'll wipe my ass,negative
GOOGL,Yoo what if google does get blown up?,neutral
GOOGL,Google is dead in 5 years,negative
GOOGL,"Hey $googl, thank you. ~400% gain one day. Holding longer.",positive
GOOGL,Google finally made me some bucks,neutral
GOOGL,"Google parent to lay off 12,000 workers - memo",neutral
GOOGL,"Google plans privacy change similar to Appleâ€™s, which wiped $230 billion off Facebookâ€™s market cap",neutral
GOOGL,"MDB: I'm Betting $5,000,000 â€“ Here's Why I See a 40% Upside ðŸš€",neutral
GOOGL,Blackberry QNX + IVY might be the next Android + Google Mobile Services,neutral
GOOGL,Google parent Alphabet beats quarterly revenue estimates (EPS beat by about 14%),neutral
GOOGL,Liquidated my $100k investment in Amazon in 2014 for a gain of $9k ðŸ¤¦â€â™‚ï¸,positive
GOOGL,Im the google trends guy that predicted Last weeks Tesla fall and todays $1000 price break,neutral
GOOGL,"Google, Amazon, and Unity are among the tech companies implementing layoffs to start 2024",positive
GOOGL,I have been stalking local Bath and Body Work stores for 5 months and believe they are going to crush earnings.,negative
GOOGL,I spend $4m a year facebook ads and I'm shorting $META earnings,neutral
GOOGL,Puts on NVDA? Apple using Google TPU for training,neutral
GOOGL,Do either all or none!,neutral
GOOGL,Found a newspaper from 2011. Imagine all the gains possible and weep.,negative
GOOGL,Itâ€™s time we acknowledge that calls and longs are the play for NVDA. Long DD.,positive
GOOGL,Reddit's partnership with Google is worth closer to $50M per quarter rather than the reported $15M,positive
GOOGL,Powell F*ed Up Again,neutral
GOOGL,DD: I DD'd the nvidia run up last year ($250->$700) and was right. Now I have a new prediction,neutral
GOOGL,Google + AMD Call = 0,neutral
GOOGL,"Yikes, today is a rough one",neutral
GOOGL,Majority of WSB was short today so decided to inverse at open with googl split coming up,neutral
GOOGL,$MSFT dropping like a rock before the earnings,positive
GOOGL,"SpaceX Plans $135/Share Tender Offer, Valuing Company Over $250 Billion",positive
GOOGL,NVIDIA is the biggest company in the world right now ,neutral
GOOGL,â€œIf I only bought Google 5 years agoâ€¦â€ Youâ€™re welcome!,positive
GOOGL,"$GOOGL EARNINGS THREAD: Alphabet, Inc. $GOOGL Q1 Earnings Per Share (EPS), $13.33 vs. $9.35 expected",positive
GOOGL,Next Week earnings for the degenerate gamblers who have any money left after going all in on NFLX puts -> $GOOGL $CMG $INTC $WIX $AMZN,neutral
GOOGL,Brrr...,neutral
GOOGL,GOOGL GAIN $$ ,positive
GOOGL,"GME #1 on Google Trends yesterday, 4x more searched than the next highest",neutral
GOOGL,US Says Itâ€™s Weighing Google Breakup as Remedy in Monopoly Case,neutral
GOOGL,"Former Google Employee Issues Scathing Warning About Tech Giant: No mission, No urgency, Delusions of exceptionalism, mismanagement.",negative
GOOGL,Google's answer to ChatGPT to be called Bard. The AI wars are about to begin. Place your Bets !,negative
GOOGL,Today wasnâ€™t a bloodbath for $GME or $AMC. WE watched LITERAL insanity as Hedgies sat and traded their trash BACK and forth to each other in order to cause YOU to panic. HOLD. BUY.,negative
GOOGL,First of many lawsuits I hope ðŸ¤žðŸ» out of this bullshit!!!! #DownWithTheHOOD,negative
GOOGL,Michael Burry new portfolio.,neutral
GOOGL,Investment 101,neutral
GOOGL,You don't understand AI hype,neutral
GOOGL,This guys wife is probably with her boyfriend now.,neutral
GOOGL,"Russia will stop deliveries of rocket engines to US - Russian Space Agency chief. The Roscosmos chief added, ""Let them fly into space on their broomsticks.""",negative
GOOGL,Shorting NVDA at 740 is literally free money at this point,positive
GOOGL,At least Google Shares Are Rising!,positive
GOOGL,"Irritated Google CEO Sundar Pichai was grilled by employees over cuts to travel and entertainment budgets, â€˜nickel-and-dimingâ€™ workers.",negative
GOOGL,$ASTS regards today ðŸš€,neutral
GOOGL,+$1 Billion Mkt Cap (Mods Check Google/Yahoo) Deep Value Play: Magnachip MX $280mm net cash OLED Semiconductor Co and Rumored for Sale,positive
GOOGL,$GOOGL Google is in a big trouble in the long run - here is why.,negative
GOOGL,Tesla shares close down 10% after report of robotaxi unveiling delay,neutral
GOOGL,"Being up 25k to being down 33k, Iâ€™m down to my last thousand ðŸ˜­, what do I do?",negative
GOOGL,RIP Shinzo Abe (An Autist's obiturary),neutral
GOOGL,What are your top picks for 2025,positive
GOOGL,Google signs deal with AP to deliver up-to-date news through its Gemini AI chatbot,neutral
GOOGL,Google DOJ Breakup,neutral
GOOGL,Last year my biggest one day loss was $141K. Imagine 300 Googl contracts going worthless. I learned a lot from that.,negative
GOOGL,What are we thinking of the google anti trust case?,positive
GOOGL,"Let me clear the air here regarding GME, AMC, & CLOV",positive
GOOGL,We will win (Watch till end),positive
GOOGL,"Dat cup and handle pattern, tho...",neutral
GOOGL,"$500 to $51,100",neutral
GOOGL,Bill Gates checking his TSLA puts right now,neutral
GOOGL,Interesting how much more dramatic Robinhood looks compared to elsewhere. I think Robinhood is making us stupider.,negative
GOOGL,How are people dumb enough to keep buying BBBY? They are delisting May 3rd!,negative
GOOGL,"Google DD - king of AI, the end of woke",neutral
GOOGL,Ford drop blackberry qnx for google android? really?,negative
GOOGL,If the DD involves a â€œshort squeezeâ€â€¦ ignore it. Stop. Get help. Learn to use your brain.,negative
GOOGL,Weekly Earnings thread 10/28 - 11/1,neutral
GOOGL,"Daily Discussion Thread Part 4 for January 28, 2021",neutral
GOOGL,I analyzed all the controversial trades made by Senators in the 2020 Congressional insider trading scandal. Here are the results!,negative
GOOGL,$BB QNX is working with Google and Qualcomm ðŸš€ðŸš€ðŸš€ðŸš€ðŸ¤˜ðŸ‘¨â€ðŸš€ðŸ¤˜Ford partnering with Google/Android sure doesn't sound like it's dropping QNX (FUD articles yesterday),negative
GOOGL,What happened to Santa?,neutral
GOOGL,$GOOGL Alphabet earnings thread; Keep all discussion here,neutral
GOOGL,NVDA's market cap surpasses AAPL's market cap for the first time.,neutral
GOOGL,"I analyzed 2,000+ stock splits over the last 3 decades to see if you can make money from stock splits. Here are the results!",neutral
GOOGL,The world is buying the dip. Even the slightest of dips. The S&P 500 has gone without a 5% pullback for 10 months.,neutral
GOOGL,My dad says that Netflix will go down tomorrow after earnings,neutral
GOOGL,420k gains in last 3 months,positive
GOOGL,The Bulls Are Delusional,neutral
GOOGL,Guys I think itâ€™s a bubble...,neutral
GOOGL,"Theory: Gamestop was in the process of going bankrupt, JP Morgan, Goldman Sachs and Melvin were in the process of profiting from inside information obtained from GME real estate division.",positive
GOOGL,This year could be epic.,neutral
GOOGL,"$AMZN The original OG of cloud, reporting next week. Google Cloud and Azure kicking major arse. Retail Strength, plus cloud. Win for AMZN",positive
GOOGL,Just a Reminder That Pelosi Can Be a Total Dimwit,neutral
GOOGL,Massage therapists among those laid off at Google,neutral
GOOGL,Apple Is in Talks to Let Google Gemini Power iPhone AI Features,neutral
GOOGL,GOOG is the best opportunity right now. In 50k,positive
GOOGL,"[UPDATE] I just spent two months in China. Don't believe the CCP reporting 21% youth unemployment, it is definitely way, way higher.",negative
GOOGL,GRND: Gamble on the Gays,neutral
GOOGL,Type uninstall into google.,neutral
GOOGL,Roblox earnings is next week and Nancy Pelosi has calls on it,neutral
GOOGL,Found this on Google images,neutral
GOOGL,"Largest Bet In WSB History! $SAVA ($30,121,964.39)",neutral
GOOGL,Keep it or sell it? I bought thinking google got oversold,neutral
GOOGL,Yo seriously. What the shit would Tesla even need to do for profit in order to even justify it's current valuation???? 1.2t market cap. Amazon is at 1.7t and the most profitable car company rn is Toyota at 300b .......???,positive
GOOGL,Google to get into Nuclear Power ,neutral
GOOGL,My 100x companies ðŸ¤œðŸ“ˆ,neutral
GOOGL,"How There is No Mathematical Way Shorts We're Covered for Jan 13th, 22nd, or 25th with GME's 69.75 Million Outstanding Shares",positive
GOOGL,First ever 0DTE went pretty well. GOOGL 2355c 5/6,positive
GOOGL,So uhhh which one?,neutral
GOOGL,NVDA vs the world or top?,positive
GOOGL,"The silver short squeeze is glaringly obvious to anyone paying attention to the data, the evidence is overwhelming, just take a look for yourself, PSLV",neutral
GOOGL,To Ape Gang: Why Sentiment Has Turned Against You,neutral
GOOGL,Google Cloud Against the Odds: Beating Microsoft and OpenAI in the AI race to the top!,negative
GOOGL,Alphabet to bring Gemini AI to TV sets running on Google operating system,neutral
GOOGL,Weekly Earnings Thread 11/11 - 11/15,neutral
GOOGL,"U.S. antitrust committee finds Apple, Google, Amazon, and Facebook guilty of ""using monopoly power""",negative
GOOGL,"Last Friday I went from 62000 to 8000, but today I got it back",neutral
GOOGL,Apple right now,neutral
GOOGL,Even my wife's boyfriend divorced me,neutral
GOOGL,AI trade reminds me of the telecom bubble at the turn of the century.,neutral
GOOGL,"And I bought calls, who else?",neutral
GOOGL,I was making 14.50 an hour..,neutral
GOOGL,"Nvidiaâ€™s New AI Chip is Delayed, Impacting Microsoft, Google, Meta",negative
GOOGL,NVIDIA is helping Google to accelerate the quantum computing devices,positive
GOOGL,I analyzed all 700+ buy and sell recommendations made by Jim Cramer in 2021. Here are the results.,neutral
GOOGL,2024 is google time,neutral
GOOGL,Why I think TSM/INTC will outpace NVDA/AMD growth in the next decade. ,positive
GOOGL,"The writing was on the wall for both GOOGL and FB! No, this isn't manipulation...",positive
GOOGL,Even Google finance is confused now by $BBY and $BBBY,negative
GOOGL,Important! GME Short attack tactics predicted in 2014! All the tactics used in the recent week by hedge funds revealed and explained,negative
GOOGL,Iâ€™m going in boysâ€¦,neutral
GOOGL,"From 1k to 1M. If it can be done once, it can be done twice.",neutral
GOOGL,Google parent Alphabet issues first dividend after strong earnings,positive
GOOGL,Short term Nvidia call holders- it's over. ,neutral
GOOGL,The REAL Greatest Short Burn of the Century,positive
GOOGL,"Youâ€™ve heard of FAANG, but have you heard of LIGMA?",neutral
GOOGL,"What Are Your Moves Tomorrow, December 23, 2024",neutral
GOOGL,"750$ -> 14,000$. Rip PayPal, Thank you Google.",positive
GOOGL,I analyzed last 15 years of news articles to see how many times Michael Burry predicted a crash and how many times he turned out to be right! Here are the results.,negative
GOOGL,"Hereâ€™s to the wildest market in history! If 20+million unemployed doesnâ€™t drop the market why would Apple, amzn, google and Microsoft missing earnings?",negative
GOOGL,My theory and DD on the future of $SNDL,neutral
GOOGL,"Alright, ChatGPT... If you say so!",positive
GOOGL,$Apple$ $Google$,neutral
GOOGL,Nike stock runs to best day of 2024 as Wall Street reacts to CEO change following bloodbath,positive
GOOGL,Short $GOOG,neutral
GOOGL,"Bros, would it be smart of a group of us to pitch in for a hypercar, keep it for 20 years then sell it for big profit? This is a good return",positive
GOOGL,Google files an antitrust complaint against Microsoft in the EU for stifling cloud competition,negative
GOOGL,Todayâ€™s price drop was 100% artificial,negative
GOOGL,Googles grip on search slips to TikTok and AI Startups ,neutral
GOOGL,TikTok Ban = Google/ Meta puts or calls?,negative
GOOGL,$GOOG CEO to meet with Trump at Mar-a-Lago today,neutral
MSFT,MSFT YOLO,positive
MSFT,$MSFT - $45k Stargate/Copilot YOLO,positive
MSFT,Ok guys Just dropped 22k on Microsoft hope y'all got puts,positive
MSFT,Nancy Pelosi Buys More NVDA. Sells MSFT. ,neutral
MSFT,$MSFT dropping like a rock before the earnings,positive
MSFT,"NVDA made only $4.37B in 2023 and currently has a $1.7T market cap. For comparison, MSFT made $72B in 2023 and has a $3T market cap.",neutral
MSFT,I believe Microsoft (MSFT) is prepping Lumen (LUMN) for an acquisition.,neutral
MSFT,Any idea what's causing this big sell off? MSFT,neutral
MSFT,$MSFT Infinite Money Glitch ðŸš€ðŸš€ðŸš€,neutral
MSFT,"MSFT is the only major tech company diversified enough to survive the inflation, recession, and depression for the upcoming years.",negative
MSFT,"Made over $20,000 with $MSFT Calls. Posted a DD yesterday when I bought on WSB and WSB voted to take it down because it was ""low effort DD""",negative
MSFT,puts on $MSFT?,neutral
MSFT,Follow up to $MSFT post from yesterday.,neutral
MSFT,"Since MSFT is cool now, paper holding since '98",positive
MSFT,MSFT letting employees work from home permanently,neutral
MSFT,"Microsoft $MSFT to fire 11,000 employees.",negative
MSFT,Nancy Pelosi nailed the exact NASDAQ bottom on May 24th buying $AAPL and $MSFT calls.,neutral
MSFT,Even Bill Gates lacked the diamond ðŸ’Ž hands Had he hodl MSFT they would be worth 1.25 trillion!,positive
MSFT,Bought MSFT put. Wasn't Hired. ðŸ¥²,neutral
MSFT,Billionaire Stan Druckenmiller reveals 21% of his portfolio is invested NVDA & MSFT,neutral
MSFT,Here's the truth about $MSFT,positive
MSFT,Are you shitting me rn ,negative
MSFT,MSFT panic sellers,negative
MSFT,MSFT deployed NVIDIA Blackwell chip ,neutral
MSFT,Technical analysis on why MSFT is fine,positive
MSFT,"$30,000 bet on $MSFT earnings",neutral
MSFT,MSFT CEO Satya Nadela : I am the superior Indian tech CEO,positive
MSFT,The olâ€™ ball and shaft on MSFTâ€¦ how did I not see this cumming?,neutral
MSFT,"Puts on MSFT, Bing AI is worse than all of us degenerates",negative
MSFT,puts on msft,neutral
MSFT,Jim Cramer Says Microsoft (MSFT) Will Have â€˜Total Dominanceâ€™ in AI Enterprise Market,neutral
MSFT,MSFT $315K YOLO.,positive
MSFT,APPLE CONFIRMS COLLABORATION WITH CHATGPT $AAPL $MSFT,neutral
MSFT,MSFT just destroyed bulls' hopes and dreams,positive
MSFT,"BACK IN THE GREEN, WE ARE SO BACK.",neutral
MSFT,MSFT announced purchase of ZeniMax which includes Bethesda and id Software,neutral
MSFT,How many of you bought the dip and quit wendyâ€™s?,neutral
MSFT,"I've never seen such bullshit in my 3 weeks of trading. JPOW said ""US economy is well - effectively""!",positive
MSFT,In what shape is MSFT calls today?,neutral
MSFT,"Uninstalled app for a year, came back to 10k gains",positive
MSFT,To whomever is buying $MSFT and the Magnificent 7 at the top.,positive
MSFT,A Prayer for the MSFT Autists Today,neutral
MSFT,"â€œHey Wife, look what I did today at work!â€ -JPOW",neutral
MSFT,MSFT earnings discussion,neutral
MSFT,How fucked I am? $MSFT,negative
MSFT,HERE WE GO: WE'RE MEMEING $MSFT INTO ORBIT LADIES AND GENTLEMEN,neutral
MSFT,CRWD is going to die.,negative
MSFT,Intel discloses $7 billion operating loss for chip-making unit.,negative
MSFT,Virgin MSFT vs Chad FAAG,neutral
MSFT,I hope my 17yr old self enjoyed that $.27,positive
MSFT,"Stocks that are going to go nuclear, no, literally.",neutral
MSFT,MSFT confirms talks to buy ticktock. Time to load the calls,neutral
MSFT,Microsoft Becomes The Most Valuable Company In The World,positive
MSFT,$NVDA earnings next week,neutral
MSFT,Heart fell out of my chest at firstâ€¦,positive
MSFT,Since so many regards couldnâ€™t figure out what they were looking at Friday I used a ðŸ–ï¸ this time. MSFT 420.69 @ 4:20.,neutral
MSFT,Please don't put a pin in that balloon,positive
MSFT,Collaboration Alert: MSFT and OpenAI Launch $100 Billion Supercomputer Venture,positive
MSFT,Americans Failed to Pay a Record $688 Billion in Taxes. The IRS Says That Will Change.,negative
MSFT,Powell F*ed Up Again,neutral
MSFT,Fed Olympics,neutral
MSFT,I'm the teacher that posted last week about using my grant money (legally) - here's a little update,positive
MSFT,Can Gitlab (GTLB) be a serious contender to Github (MSFT)?,positive
MSFT,"Thanks MSFT, very cool!",positive
MSFT,$MSFT Holders/Autists: Tomorrow's a big day. Judge Patricia E Campbell-Smith is expected to rule on whether to issue the stop-work order by Thursday.,neutral
MSFT,I Didn't buy calls on MSFT$ like I posted about yesterday ðŸ˜­ðŸ˜­ðŸ˜­,negative
MSFT,"Come on folks, this was such an obvious outcome",neutral
MSFT,The market is NVDA. Put everything on NVDA and retire. Unstoppable stock,negative
MSFT,"Fuck you, Iâ€™m going all out on MSFT",negative
MSFT,NVIDIA is the biggest company in the world right now ,neutral
MSFT,I crashed MSFT,neutral
MSFT,MSFT YOLO 7/17,positive
MSFT,[Earnings] MSFT Earnings Thread,neutral
MSFT,We already had a Metaverse and it was called Second Life.,neutral
MSFT,"Monday strategy: Calls on DGX, TDOC, CLX, GLD Puts on SPY, DIS, FDX, LYV, MSFT, USO, UAL",neutral
MSFT,I shorted MSTR; no such thing as infinite money glitch ,negative
MSFT,Michael Burry new portfolio.,neutral
MSFT,Bought these during the Pandemic crash and never sold,negative
MSFT,You don't understand AI hype,neutral
MSFT,$MSFT Microsoft Earnings Thread,neutral
MSFT,"For those who have been around for a while: What are the most outlandish bets, gains, or losses you've seen on r/wallstreetbets?",neutral
MSFT,$MSFT to buy back $60 BILLION in shares and increase dividend 11%,positive
MSFT,"The SEC Just posted the new numbers for Failure to Deliver. Guess What, GME is failing to deliver every day.",negative
MSFT,$20k LEAPS Gains from MSFT in 5 Months,positive
MSFT,"Daily Popular Tickers Thread for July 28, 2021 - AAPL | BABA | MSFT",positive
MSFT,Part 2 - I believe Microsoft (MSFT) is prepping Lumen (LUMN) for an acquisition.,neutral
MSFT,Itâ€™s been a week,neutral
MSFT,"Msft hacked, whats the play?",negative
MSFT,Big thank you to the mods.,positive
MSFT,"MSFT and AAPL are overvalued and overbought, Wallstreet is expecting too much from AI.",neutral
MSFT,Delta is seeking compensation from Crowdstrike and Microsoft following global outage,neutral
MSFT,TLDR for those of you that didnâ€™t watch NVDA livestream today,neutral
MSFT,MSFT 11/1 Puts for earnings,neutral
MSFT,MSFT 3/20 Memories,neutral
MSFT,MSFT Put holders after hours:,neutral
MSFT,$MSFT Technical analysis,neutral
MSFT,Neil Young's power is beyond mere mortals comprehension.,neutral
MSFT,"Triple Kill (MSFT, GOOG, AMZN)",negative
MSFT,How are people dumb enough to keep buying BBBY? They are delisting May 3rd!,negative
MSFT,"OpenAI & Microsoft plan the world's largest supercomputer, a $100bn ""Stargate"" project, possibly powered by nuclear plants",neutral
MSFT,Weekly Earnings thread 10/28 - 11/1,neutral
MSFT,What everybody missed about the $MSFT & $GME deal,negative
MSFT,MSFT prayer circle,neutral
MSFT,Chipotle now lmao,positive
MSFT,What happened to Santa?,neutral
MSFT,May the Muskrat watch over my single stock of MSFT,neutral
MSFT,NVDA's market cap surpasses AAPL's market cap for the first time.,neutral
MSFT,And just like that you Activision bagholders had a blast today,positive
MSFT,$MSFT guidance.... goodbye tendies,neutral
MSFT,Long-term investor gains,positive
MSFT,$MSFT Microsoft Earnings Thread; Keep all discussion here,neutral
MSFT,Saw a sign from God. Time to yolo my portfolio on msft like a true autist,positive
MSFT,My 100x companies ðŸ¤œðŸ“ˆ,neutral
MSFT,$MSFT Microsoft earnings thread; keep all discussion here,neutral
MSFT,My fifth play on Tech Companies.    TSLA âœ… GOOGâœ… METAâœ… MSFTâŒ APPLE â“,positive
MSFT,NVDA is worth 100B more than the entire US energy sector!,positive
MSFT,MSFT Gains. Didn't have to eat out of the Wendy's Dumpster tonight!,positive
MSFT,"Buy MSFT autists, TikTok is coming",neutral
MSFT,"Nothing can stop tech, NASDAQ 11K EOW ðŸš€ðŸš€",positive
MSFT,"Lost $35,000 in 3 months and $8,000 in 1 day but Iâ€™m going to get out of this",negative
MSFT,Holding MSFT calls through ER and reading posts is not stressful at all.,positive
MSFT,broke even todayðŸ˜ƒ,negative
MSFT,"And I bought calls, who else?",neutral
MSFT,42k MSFT earnings play,positive
MSFT,Why AAPL TSLA MSFT FB NVDA will go Even higher,neutral
MSFT,Not an actual 20 bagger because I withdrew 30 k. 100k today and 200 k in a month,neutral
MSFT,Sell $MSFT and the tale of /r/wsb's utter retardation,neutral
MSFT,"From 1k to 1M. If it can be done once, it can be done twice.",neutral
MSFT,"MSFT isn't Microsoft, it's Macrosoft",neutral
MSFT,I Get Paid To Do Nothing,neutral
MSFT,Diversification is Important,positive
MSFT,MSFT - Gonna Blow the earning or Blow the earning ? ,neutral
MSFT,What have you tards done???,neutral
MSFT,Msft earnings yolo,positive
MSFT,$400 -> $6.8k $MSFT & $SPY,neutral
MSFT,AI is a baby bubble as yet...,neutral
MSFT,I am scared for the market to open tomorrow,negative
MSFT,MSFT earnings thread - today after the bell,neutral
MSFT,$MSFT Earnings Thread,neutral
MSFT,Apple is no 2 company in the world now. Oh Tim...!!! ðŸ˜¥,positive
MSFT,"I'm a long term investor, here are my Microsoft gains. I wanted to post so people don't think you have to day trade to get ahead",positive
MSFT,When r/all meets r/wallstreetbets. STONKS ONLY GO UP,neutral
MSFT,"Former PLTR Engineer DD Part #2: Usability, Deployabilty, Scalability, & Submersibility + My Lockup Plan",neutral
MSFT,Jacked to the tits in MSFT calls. Who is holding through ER?,negative
MSFT,Regulatory Risk for MSFT creates opportunity for..?,positive
MSFT,"Have your boomer parents or uber started talking about NVDA, AI? Is it time exit this ride.",neutral
MSFT,Mag 7 hit hard,negative
MSFT,"Historical Post Earnings Moves MEGA Compilation AND Analysis (Q3 Week 3) - $AAPL, $FB, $AMD, $MSFT, $SHOP, $AMZN, $GOOG and More",neutral
MSFT,$MSFT and the Great Reckoning (DD inside),positive
MSFT,MSFT the last 4 quaters,neutral
MSFT,Bears are officially dead,negative
MSFT,MSFT: SILENT PRINTER,neutral
MSFT,AI Will Kill Us All? Nah,negative
MSFT,$GOOG the BFTG,neutral
MSFT,Sell MSFT,neutral
MSFT,They are on to us... r/wallstreetbets on Bloomberg,neutral
MSFT,$NVDA is back to having a larger market cap than $MSFT.,neutral
MSFT,$875 - $490k in 2 months,neutral
MSFT,MSFT is a gold mine for those who are patient,neutral
MSFT,Bill Gates Would Be a Trillionaire if He Diamond Handed Microsoft | NextBigFuture.com,positive
MSFT,Let it $SNOW,neutral
MSFT,I hate every single one of you,negative
MSFT,$ATVI / $MSFT hearing outcome predictions?,neutral
MSFT,Easy gains tomorrow guys...,positive
MSFT,I feel attacked,negative
MSFT,Market Recap Today 07/30/2024 + MSFT/AMD Earnings ,neutral
MSFT,44k AAPL Short,neutral
MSFT,I'm only going to say this once. Stop shorting TSLA,negative
MSFT,Puts on GOOG after MSFT takes over their search monopoly?,neutral
MSFT,Options Explained - A Quick Beginners Guide,neutral
MSFT,"Shockingly, China has been lying",negative
MSFT,MSFT BUY THE DIP,neutral
MSFT,MSFT is coming boys,neutral
MSFT,Weekly Earnings Thread 1/27 - 1/31,neutral
MSFT,Stolen from a Seinfeld facebook group,negative
MSFT,"Bearish on $APPL, $MSFT, $GOOG, $TSLA, $AMZN, on Friday.",neutral
MSFT,Tik Tok ban = MSFT Boom? ,negative
MSFT,Open AI's board had safety concerns. Big Tech obliterated them in 48 hours.,negative
MSFT,If youâ€™re worried about your $MSFT calls,negative
MSFT,Looks like Santa is coming to town,positive
MSFT,Thank you for flying WSB,positive
MSFT,Bought the dip in MSFT and eventually looked at my phone : Officially apart of the 6-figure club,neutral
MSFT,5.7k on MSFT calls for may. Wish me luck bois. TO THE MOOOON,positive
MSFT,"Crayon Main - Earnings Week - AAPL, TSLA, MSFT, AMD, and FB",neutral
MSFT,MSFT YOLO,positive
MSFT,MSFT EARNINGS (Praying Circle),positive
MSFT,Microsoft bid rejected by Tiktok,negative
MSFT,"WSB Sunday evening sentiment. 55% bullish. Calls on TSLA, MSFT, AMZN, AMD... Puts on SNAP, ZM, WORK.",neutral
MSFT,$MSFT: What to expect moving forward,neutral
MSFT,BlackBerry is NOT a Meme Stock,neutral
MSFT,"Historical Post Earnings Moves MEGA Compilation and Analysis (Q2 Week 3) - $TSLA, $AAPL, $AMZN, $MSFT, $GOOG, $FB, $AMD, and More",neutral
MSFT,When your $MSFT gains have been slow cooking since 2005,positive
MSFT,TSLA vs NIO vs FSR vs LI vs NKLA vs XPEV: A WallStreetBets Movie,neutral
MSFT,Bull Prayer Thread ðŸ™ - Back for a limited time,negative
MSFT,My bad guys. Purchased a put option the other dayâ€¦,negative
MSFT,The MSFT Post,neutral
MSFT,We have come full circle! Time to buy MSFT.,neutral
MSFT,"I remember when MSFT was a hated stock (windows phone, Ballmer, etc)â€¦33.01 cost basis",negative
MSFT,Chicks with $DKS,neutral
MSFT,I'm YOLOing into MSFT. Here's my DD that convinced me,positive
MSFT,Bull Case for Microsoft? $MSFT,neutral
MSFT,How fucked am I after Christmas?,negative
MSFT,"MSFT Call Holders, what are your moves for next week?",neutral
MSFT,BREAKING: Court grants Amazon Web Services request to temporarily halt work on $MSFT's JEDI Cloud contract.,positive
MSFT,"$MSFT Microsoft Earnings thread; Keep all discussion here. Posts will be removed, people will be banned",negative
MSFT,MSFT and GOOG both jump on cloud revenue; will AMZN follow suit next week?,neutral
MSFT,"Et tu, MVIS?",neutral
MSFT,The sub now that Italy has the flu,negative
MSFT,Good Point,positive
MSFT,"Most Anticipated Earnings Releases for the trading week beginning October 25th, 2021",neutral
MSFT,Picked up $90k in $msft calls,neutral
MSFT,MSFT TO THE MOONðŸš€,neutral
MSFT,Earnings Play - MSFT & GOOGL,positive
MSFT,MSFT Call with earnings around the corner!,neutral
MSFT,CNN every morning,neutral
MSFT,MSFT 200 Official Thread,neutral
MSFT,"Ok NOK! You've been making noise all 2021. With contracts with GOOG, MSFT, TMUS, AMZN and Now a 5G contract with T (ATT) Let the future be bright. Bravo Bravo Nokia!",positive
MSFT,"Thank you AAPL/MSFT/SQ/AMD, very cool!",positive
MSFT,"$22,000 in 0-day $ORCL Strangle - come on $MSFT DADDY move the market!",neutral
MSFT,Prepaid $TSLA Calls! Only 1.1k!!!,neutral
MSFT,MSFT the big toddy goth gf,neutral
MSFT,"With TSLA, META, and MSFT reporting earnings next week, do you experienced investors know how much impact it has on SPY and SPX?",neutral
MSFT,260k YOLO MSFT earnings,positive
MSFT,"Daily Discussion Thread for October 07, 2024",neutral
MSFT,MSFT,neutral
MSFT,Stop helping new comers,neutral
MSFT,How to turn $75k into $325k while being high on edibles,neutral
MSFT,msft is still to the moon right?ðŸš€ðŸš€,neutral
NVDA,Life Savings Lost On NVDA,negative
NVDA,People overreacting to NVDAâ€™s drop are about to learn a hard lesson ,negative
NVDA,$NVDA IS GOING TO BLOW UPâ€¦ ,neutral
NVDA,Plz NVDA moon,positive
NVDA,Everyone's confused why NVDA didn't pump after AVGO earnings. Could the market realize that AVGO is actually a serious threat to NVDA?,negative
NVDA,NVDA,neutral
NVDA,"Me, after putting all my money into shorting NVDA, because ChatGPT told me to.",neutral
NVDA,"$1.6m gain on NVDA call spread, +$18m YTD",positive
NVDA,"Someone just dropped >$800,000 on 80 dollar January 2025 NVDA puts lump sum.",neutral
NVDA,NVDA Executives have been selling 100k+ shares every day sine the start of June.,positive
NVDA,70k > 1.1 Mil Thank god For NVDA,positive
NVDA,NVDA FOMO,neutral
NVDA,"$170k -> $1 million YTD on NVDA, at 25yo ðŸ¤¯ (not daddy's money!!)",neutral
NVDA,Nancy Pelosi Buys More NVDA. Sells MSFT. ,neutral
NVDA,New trades from our lady and leader $GOOGL $AMZN $NVDA $PANW $TEM $VST. Sold $APPL. What does this mean? ðŸ¤” bear fukt ðŸ³ï¸â€ðŸŒˆðŸ»ðŸ–•ðŸ»ðŸ¤¡ðŸ–•ðŸ»,neutral
NVDA,"Using my parentsâ€™ down payment money, thank god I recovered ðŸ’µðŸ’°ðŸ’¸ $TSLA $NVDA",positive
NVDA,I told my grandson I have 4000 NVDA shares so he'll wipe my ass,negative
NVDA,"Step aside $NVDA, we have a new tech darling ",positive
NVDA,+$723k in NVDA 1DTE gains to start off the year ,positive
NVDA,NVDA FACING INSIDERS SELLING THE STOCK AT THE FASTEST PACE IN YEARS.,neutral
NVDA,"NVDA is best performing stock over last 5,10,15 & 20 years ",positive
NVDA,Someone bought $780 MILLION worth of NVDA call options on Friday,positive
NVDA,My uncle threw $165k in NVDA calls At $136 last month ðŸ˜‚ ,positive
NVDA,NVDA hold or sell?,neutral
NVDA,OG NVDA owners know the feeling,positive
NVDA,NVDA pullback imminent,neutral
NVDA,"25k>3.1 million Nvda 3,500 shares",positive
NVDA,9k -> 200k in one hour NVDA and QQQ puts,neutral
NVDA,$NVDA earnings next week,neutral
NVDA,NVDA YOLO,positive
NVDA,Itâ€™s time we acknowledge that calls and longs are the play for NVDA. Long DD.,positive
NVDA,All Aboard The Pelosi Express To Tendie Town! (NVDA $120c 12/20/2024),positive
NVDA,NVDA has to pull back right?,neutral
NVDA,NVDA now worth more than TESLA and AMZN combined.,positive
NVDA,Went all in on the NVDA dip almost 250k gain,positive
NVDA,ALL IN - Short on $NVDA + $BNP,neutral
NVDA,The market is NVDA. Put everything on NVDA and retire. Unstoppable stock,negative
NVDA,"STAY AWAY FROM NVDA OPTIONS. They are pricing in things that are not possible, you cannot make money.",neutral
NVDA,Cope Post: NVDA is gonna go back up... Right?????,neutral
NVDA,They wont let retail win on NVDA,negative
NVDA,NVDA dip bought +$1.7m,neutral
NVDA,"$800 â€”> $55k IN 2 WEEKS DEGEN ALL IN PLAYS (NVDA,NFLX,AMD,JPM, QQQ, SPY)",positive
NVDA,Just your average NVDA hodl'er over here,neutral
NVDA,NVDA put buyers today,neutral
NVDA,NVDA bag holders,neutral
NVDA,"What a ride this month! Mostly thanks to NVDA, TSLA, and STZ",positive
NVDA,NVDA itâ€™s Xmas LFG,neutral
NVDA,NVDA is now worth more than Canada,positive
NVDA,my forgotten nvda bought with birthday card money a while ago,negative
NVDA,Shorting NVDA at 740 is literally free money at this point,positive
NVDA,"On September 19, 2022, Jim Cramer said to short Nvidia (NVDA), calling it a loser. Since then, NVDA is up 195%. ðŸ¤¦â€â™‚ï¸ðŸ‘Ž",negative
NVDA,"NVDA, They all told me we are going to 1200 after DELL reports today. Nice knowing everyone. ",positive
NVDA,"For that guy asking if anyone was up more than his 10,000 percent on NVDA - I'll raise you 20,000 percent.",neutral
NVDA,$NVDA Jensen treats taiwan semiconductor industry CEOs to dinner. $150 USD per table (8-10 people per table),neutral
NVDA,"NVDA made only $4.37B in 2023 and currently has a $1.7T market cap. For comparison, MSFT made $72B in 2023 and has a $3T market cap.",neutral
NVDA,All in $nvda 130 eow ,neutral
NVDA,"If I only knew then,â€¦ NVDA",neutral
NVDA,TLDR for those of you that didnâ€™t watch NVDA livestream today,neutral
NVDA,Congressman Peter Sessions sells NVDA 1 day before earnings,neutral
NVDA,NVDA will 3x from here ,neutral
NVDA,NVDA will drop to 840 tomorrow,negative
NVDA,Reddit goes dark during NVDA earnings ,neutral
NVDA,"$NVDA over $90k. 3,771% gain.",positive
NVDA,NVDA gain porn: -100k to half million,positive
NVDA,NVDA ðŸš€,neutral
NVDA,My NVDA wild ride ($832k gain),positive
NVDA,Why NVDA will be $140+ by end of month,neutral
NVDA,TIL when Nvda bubble crashes it will resemble the 2008 crash,negative
NVDA,NVDA will drop to 800 tomorrow because:,negative
NVDA,"Really? NVDA at 1,000 after stock split? ",neutral
NVDA,Guys I just completed my analysis and NVDA hit the rare TRIPLE 2s. Please save your life savings while you can,positive
NVDA,NVDA 150k bet. Down 60k Go big or go home ,neutral
NVDA,"Itâ€™s been a good run, thank you $NVDA for part of my down payment for my home ðŸ«¡",positive
NVDA,NVDA vs the world or top?,positive
NVDA,NVDA is worth 100B more than the entire US energy sector!,positive
NVDA,NVDA forming a classic onix pattern. I'm going in,neutral
NVDA,7 minutes before close $50M NVDA calls were purchased,neutral
NVDA,Iâ€™m waiting for the $NVDA pullback,neutral
NVDA,NVDA is a money destroying machine lately,negative
NVDA,Is RKLB the new NVDA or something? How is this kind of stock rise even possible??,neutral
NVDA,Why I think TSM/INTC will outpace NVDA/AMD growth in the next decade. ,positive
NVDA,NVDA: Advice needed,neutral
NVDA,Reduce your NVDA exposure. You won. Now enjoy the win.,positive
NVDA,Nvda I donâ€™t think anyone saw this coming,neutral
NVDA,NVDAâ€¦ What the FRICK???,neutral
NVDA,Buying NVDA,neutral
NVDA,Time to get out. NVDA done me good. ,positive
NVDA,Made $100k One Day  NVDA Putzzzzz.,neutral
NVDA,Things to consider before betting it all on NVDA earnings tomorrow.,neutral
NVDA,NVDA YOLO. Am I Regarded? I Just Got A Divorce and Put Whatâ€™s Left Of My Net Worth On NVDA Call Options.,positive
NVDA,"Have your boomer parents or uber started talking about NVDA, AI? Is it time exit this ride.",neutral
NVDA,$NVDA Earnings Report - Watch party in NYC tonight? ðŸº,positive
NVDA,XLK forced to buy $10B of NVDA,negative
NVDA,My first tenbagger: NVDA - 100k to 1M ðŸš€,neutral
NVDA,When you sold NVDA at 300 and bought back in late because of negative fomo ,negative
NVDA,NVDA too big to fall. This company is the best. $40k calls yolo,positive
NVDA,"NVDA soars after record earnings beat, announces ten-for-one forward stock split effective June 7",positive
NVDA,15k NVDA gains. Stay or exit?,positive
NVDA,I've got NVDA 1000c expiring Friday,neutral
NVDA,Jim Cramer says Nvidia shares will get a boost from launch of its latest high-end chip. RIP NVDA,positive
NVDA,NVDA | How to make money in options,neutral
NVDA,The price action today confirms to me this (NVDA),neutral
NVDA,NVDA >,neutral
NVDA,NVDA CEO gave us a heads-up 20 years ago ðŸš€,neutral
NVDA,What people are missing about NVDA,negative
NVDA,NVDA will drop into the 670â€™s tomorrow because,negative
NVDA,"With the advent of NVDA earnings today, what would you do with this position?",neutral
NVDA,$100 to $4.4k NVDA PUTS,neutral
NVDA,"Iâ€™m back from bank crisis with 80k loss. Now, this timeâ€™s different. $NVDA",negative
NVDA,Jim Cramer saying that everyone wants to get out of NVDA will mark the bottom ,neutral
NVDA,"This is so crazy, my car broke down. I was at the bus stop, and the CEO of NVDA, Jensen Huang, pulls up to writes me a check for repairs",negative
NVDA,Hands up who lost their shirts on $NVDA already?,negative
NVDA,NVDA will fall on Monday to 700 because,neutral
NVDA,160k NVDA put YOLO,positive
NVDA,i like $NVDA shares ðŸ‘,positive
NVDA,NVDA Falls Hard in Last 90 Minutes of 03/04/2024 Market.,negative
NVDA,NVDA is up 74% since ChatGPT release (152% since Oct bottom). Overvalued by ANY metric. What will trigger a repricing?,neutral
NVDA,"$NVDA - xAI to Double Down with 100,000 More NVIDIA GPUs, Building Worldâ€™s Largest AI Supercomputer at Record Speed",neutral
NVDA,NVDA put buyers be like,positive
NVDA,After losing $40k in 2022. Tossed it all into NVDA and now worth $227kðŸ™ŒðŸ¼,negative
NVDA,NVDA Puts ruining my plans to live off market,negative
NVDA,"NVDA 10 more days like this, ðŸ™ðŸ¼",positive
NVDA,Down 64k after selling all my NVDA Calls right before they popped up yesterday,neutral
NVDA,Chances of me breaking even on $NVDA? $140 Calls 7/19 ,positive
NVDA,NVDA gap to 200 week moving average is unprecedented. Are we insane?,negative
NVDA,Should I sell these NVDA puts for a loss?,negative
NVDA,Why NVDA is going to moon for next 2 quarters,neutral
NVDA,How many of you fellow regards are still sitting on NVDA 3/15 1000?,neutral
NVDA,NVDA has room to drop further,negative
NVDA,"Another +$1m day, thanks NVDA bears",positive
NVDA,You won't want to hear this. But ... NVDA puts for August.,neutral
NVDA,Puts on Nvda,neutral
NVDA,"I did it! $10K to $100K YTD Brought to you (mostly) by the letters NVDA, GME, TSLA, COST, TLRY, & SPY",neutral
NVDA,Lost most of my savings on NVDA calls,negative
NVDA,NVDA $1000 calls looking like a good price right now for 3/1,positive
NVDA,Time for puts on NVDA,neutral
NVDA,$NVDA,neutral
NVDA,What happens to NVDA when china invades taiwan? I guess infrastructure can't be airlifted overnight... What other stock is invasion proof?,neutral
NVDA,Back in $NVDA $177k,neutral
NVDA,NVDA so hot right now,neutral
NVDA,Breaking News: NVDA just becane the biggest company in the WORLD by marketcap during premarket!,neutral
NVDA,Give me a reason NVDA isn't the most regard stock on the market right now,neutral
NVDA,"Last May, my mother moved her RIRA to Etrade and gave me the password. I sold options to WSB and bought TSLA, SMCI, and NVDA.",neutral
NVDA,$50k in 120 2/23 900C NVDA YOLO,positive
NVDA,"Can NVDA go back up? Lost $44,000 ðŸ« ðŸ”«",negative
NVDA,Sold most of my NVDA calls this morning,neutral
NVDA,Can someone pls explain to me what just happened to my NVDA Calls?,positive
NVDA,NVDA is a bubble? Here's what the science says...,neutral
NVDA,"Anyone know why NVDA is down 3% AH? Is it because i bought 5k 30/6 420C thinking itâ€™d keep going up? FML , life is so unfair",negative
NVDA,If you think NVDA is still a buy at these prices...,neutral
NVDA,NVDA got me feeling like...,positive
NVDA,Billionaire Stan Druckenmiller reveals 21% of his portfolio is invested NVDA & MSFT,neutral
NVDA,Bullish on NVDA after Intel Guidance,neutral
NVDA,What are we buying in June? $nvda? $mstr? $fslr? $dell?,neutral
NVDA,NVDA gods send a gift my way,positive
NVDA,Itâ€™s time we acknowledge that puts and shorts are the play for NVDA. Short DD,positive
NVDA,Nvda Tsla inversely correlated lately,neutral
NVDA,NVDA short proof. Will continue to short,neutral
NVDA,Puts on NVDA for Monday based on past 3 months data,neutral
NVDA,NVDA Spread update,neutral
NVDA,It's TOO EARLY to be a NVDA bear,neutral
NVDA,FULL NVDA RE*ARD ,neutral
NVDA,NVDA is not a bubble I swear.,negative
NVDA,"NVDA '24 vs CSCO '20 - Bulls make money, bears make money, pigs get slaughtered",neutral
NVDA,200k in NVDA,neutral
NVDA,When I plan to sell all my $NVDA,neutral
NVDA,Short 1200 NVDA shares,positive
NVDA,"Next generation of chips, NVDA vs AMD, looks bad for NVDA",negative
NVDA,I bought NVDA Puts! What do I do now?!,neutral
NVDA,Bought the Dip - $NVDA,neutral
NVDA,$NVDA Earnings Thread,neutral
NVDA,To all the NVDA bearsâ€¦ why?,neutral
NVDA,Imagine losing on NVDA calls,negative
NVDA,Calls on NVDA. Huang eating Pho on streets of Hanoi,neutral
NVDA,NVDA is now a meme stock,neutral
NVDA,Sold all my nvda options (38k to 240k year to date),neutral
NVDA,What should I do with these $NVDA and $SMCI calls? Looking for genuine advice to handle these positions,neutral
NVDA,NVDA,neutral
NVDA,The poor-man's NVDA,neutral
NVDA,"$58,000 NVDA earnings loss",negative
NVDA,30k NVDA Puts ,neutral
NVDA,"NVDA porn â€¦ 4,364% Roth IRA gains!",positive
NVDA,Iâ€™m in college and just lost $4k on Nvidia,negative
NVDA,"NVDA 5/17 call, $900 strike YOLO.  $70k, down $22k.  ",positive
NVDA,NVDA dip buyers spotted,neutral
NVDA,"For the folks who aped into huge NVDA gains, please for the love of god do not forget taxes",positive
NVDA,$NVDA is so far ahead that they have already beat Q1 2025 earnings (look at the date of the link),neutral
NVDA,YOLO $35k into 1.1MM to save the family farm. ,positive
NVDA,NVDA Kicking my ass!,negative
NVDA,10+ NVDA bagger ðŸ¤‘,neutral
NVDA,Nvda play +73k,positive
NVDA,NVDA at the wheel,neutral
NVDA,Iâ€™ve been begging NVDA to pullback and wait for me since 300. I give up.  Calls at open. ,neutral
NVDA,NVDA Gain - $17.5k in Dec. Over $1m if I had held.,positive
NVDA,This market stuff is pretty easy just be a gamer and buy stock...,positive
NVDA,NVDA Will Fall Then Soar: The Guide to Earnings,neutral
NVDA,"The ðŸ Jensen, this video makes me want to buy NVDA calls",positive
NVDA,"I followed the NVDA advice and bought high, time to sell low?",negative
NVDA,NVDA Options activity ,neutral
NVDA,NVDA buyback better,positive
NVDA,Big fat nasty NVDA gains,negative
NVDA,How long should I hold this? NVDA 8/16 140c ,neutral
NVDA,NVDA is not going down this earnings,neutral
NVDA,Hold or sell before EOD tomorrow. NVDA 850c 3/8,neutral
NVDA,AAPL NVDA AMZN PUTS ðŸ¦ðŸ¦ðŸ¦ðŸ¦,neutral
NVDA,$NVDA 15k to 70k,neutral
NVDA,NVDA Good Vibes ,positive
NVDA,NVDA YOLO UPDATE $280K GAIN,positive
NVDA,Puts paid nice. Rolled it into NVDA calls. $106 expires 9/13. Keep it rolling.,positive
NVDA,NVDA and META shorts this week,neutral
NVDA,Early release of the $NVDA earnings call,neutral
NVDA,NVDA earnings and the world holds it's breath!,neutral
NVDA,"Update: NVDA yolo - Iâ€™m gunna keep holding. Probably sell some covered calls. For the NVDA bears, the color you are seeing is called â€œgreenâ€",positive
NVDA,AMD's strong earning announcement on Wednesday led to a higher leverage to NVDA than AMD. What does this tell you ðŸ¤”?,positive
NVDA,Made it to $1M this year,neutral
NVDA,Was told to post this here,neutral
NVDA,2000% on $NVDA shares,positive
NVDA,NVDA fomo entry before split.,neutral
NVDA,NVDA bulls very quiet today,neutral
NVDA,NVDA is not CSCO,neutral
NVDA,NVDA triple top,positive
NVDA,"All-In on NVDA Puts, Yoga Saved Me, Diamond Hands Paid Off! ðŸ’ŽðŸ™Œ",positive
NVDA,AVGO > NVDA,neutral
NVDA,NVDA about to earn itself a juicy correction? ,neutral
NVDA,"Looks like NVDA is going for the 'Cock and Balls' pattern, expecting breakout to ~800 after ER, then jizz down.",positive
NVDA,"sold the NVDA recent high, >500% gain on leaps",positive
NVDA,$90K 2/21 $NVDA Calls,neutral
NVDA,Exited my NVDA position for now,neutral
NVDA,NVDA can ligma,neutral
NVDA,"Treasury Secretary Janet Yellen warns ""sweeping, untargeted tariffs"" would reaccelerate inflation",positive
NVDA,"NVDA Puts closed for 85% Gain ($3,000+). I will reload later. Happy September boys. Should be a fun one. ",positive
NVDA,"BACK IN THE GREEN, WE ARE SO BACK.",neutral
NVDA,NVDA CEO Jensen Huang Just Sold $42 Million Dollars Worth Of NVIDIA Shares - Last Time He Sold Shares January 2022 Stock Dropped 64%,positive
NVDA,2 NVDA Directors sold stock on 5/26,neutral
NVDA,NVDA puts,neutral
NVDA,imagine losing money on NVDA,negative
NVDA,NVDA puts: this is what happens,neutral
NVDA,"Gap up tomorrow, I hear ya. Donâ€™t forget the ketchup. NVDA ",negative
NVDA,You seriously want to cult follow a guy who only has one outfit...and it's THIS outfit?!? $NVDA,negative
TSLA,"$80,000 to $1.12M in 7 days. Thank you Elon Musk! $TSLA",positive
TSLA,$TSLA: The DD of a lifetime. ,neutral
TSLA,"Trump says he will declare national energy emergency, revoke electric vehicle 'mandate'",negative
TSLA,Just growing losses $TSLA,negative
TSLA,"Bought puts last Friday, I said it would go down and I won
Gain $$TSLA 83K",positive
TSLA,$TSLA - Best strategy to exercise?,positive
TSLA,Thank you Elon! $TSLA $10k to $149k in under a week,positive
TSLA,Loading up on $tsla puts tomorrow.,neutral
TSLA,Its all over for TSLA,neutral
TSLA,"Time to inverse WSB, 50k puts on $TSLA",neutral
TSLA,"Using my parentsâ€™ down payment money, thank god I recovered ðŸ’µðŸ’°ðŸ’¸ $TSLA $NVDA",positive
TSLA,"If you're buying TSLA @ $250, you better be really, really, REALLY sure a non-negligible number of human beings want to be seen driving this",positive
TSLA,"Tesla (TSLA) is rumored to be preparing a massive round of layoffs, as high as 20% of the workforce",neutral
TSLA,50k tsla short yolo,positive
TSLA,UPDATE: $7k to $210k in 10 days. Donâ€™t bet against $TSLA ðŸš— NOT LEAVING,neutral
TSLA,"I just dropped $69k on 1DTE $TSLA $415 calls, Model Y refresh goes on sale in the US tonight!",neutral
TSLA,Who thinks TSLA is going to miss earnings because cars are stored everywhere. ,negative
TSLA,Imagine selling TSLA cause this guy downgraded it,neutral
TSLA,"is it just me, or does elon scramble to bring some gimmick to press every time TSLA share price starts dropping? ðŸ¤”",positive
TSLA,bearish on $TSLA,neutral
TSLA,TSLA bagholders ðŸ˜‚,positive
TSLA,GlideOutside when $TSLA is back at ALL TIME HIGHS!,neutral
TSLA,$70k profit from shorting TSLA,positive
TSLA,"Thanks to $TSLA, Iâ€™m buying a new wife for Christmas.",positive
TSLA,For fellow Tsla copium enjoyers ðŸš€,positive
TSLA,"TSLA 0DTE $160puts, $500â€“>$14.5k",neutral
TSLA,Calls on TSLA,neutral
TSLA,Looks better than TSLA bots,positive
TSLA,"What a ride this month! Mostly thanks to NVDA, TSLA, and STZ",positive
TSLA,"$TSLA 0DTEs $2850 -> $40,300",neutral
TSLA,CROX is outperforming TSLA on the 5Y chart,neutral
TSLA,More bullish news for TSLA and TWTR ðŸš€ðŸš€ðŸš€ðŸŒšðŸŒš Ready to penetrate the MOON!!,positive
TSLA,Shots fired! Cathie calling out GM after TSLA deliveries!,negative
TSLA,"I just dropped $420K on 850 $TSLA calls and FDs. If Tesla announces a split on 12/9, I retire.",neutral
TSLA,50K $TSLA Earnings YOLO,positive
TSLA,Just in case you wondered who was buying $TSLA at 30x revenue,neutral
TSLA,Looks like itâ€™s time to go all in on $TSLA calls! Cybertruck is finally coming.,positive
TSLA,$$TSLA ðŸš€120K became 437K now,neutral
TSLA,"Apparently I've been sitting on 150 TSLA shares in my Roth for 10 years and had no idea, AMA",neutral
TSLA,TSLA down 420.69 since April 1st,neutral
TSLA,Michael Burry Reals 530 Million Bet Against TSLA,neutral
TSLA,Nice rug pull on $TSLA,positive
TSLA,Bill Gates checking his TSLA puts right now,neutral
TSLA,When your friends and family call you crazy for going all in on $TSLA at the beginning of the year.,positive
TSLA,"Let's revive the buried WSB culture! GME to THOUSANDS in a couple of months, or I'M SHAVING OFF MY PRECIOUS BEARD! The TA Gods have spoken to me in sleep, and after that I handcrafted this masterpiece TA: applying the anatomy of two most famous historical squeezy examples VW and TSLA to current GME",positive
TSLA,Curious why Papa Elon is shilling $GME? Itâ€™s because Melvin Capital shorted $TSLA for years and bragged about it.,positive
TSLA,TSLA - Best $100K Iâ€™ve ever spent. When do I hop off the tendie coaster???,positive
TSLA,"Tesla (TSLA) releases Q3 2024 results: billion-dollar revenue beat, shares fall after hours ",positive
TSLA,34k to 520k in $TSLA,neutral
TSLA,Trying to time a TSLA trade,neutral
TSLA,TSLA 1103% gain. Never selling,positive
TSLA,A true Autist. $TSLA,positive
TSLA,New TSLA Investors,neutral
TSLA,$TSLA More Pain To Come!,negative
TSLA,TSLA after stock split crashed by more than 60%.,neutral
TSLA,Jack would like to thank AMZN SPY TSLA and GME for sponsoring his halloween costume this year,positive
TSLA,"YoY progress: $2M -> $12 -> $4M -> $10M. Diversified between $TSLA shares, $TSLA calls, and selling $TSLA puts",positive
TSLA,$7.4k to $137.5k in 5 days. Donâ€™t bet against $TSLA ðŸš—,neutral
TSLA,Calls or Puts on $TSLA?,neutral
TSLA,Rip $TSLA bagholders,neutral
TSLA,Everyone Trading the TSLA Squeeze Today,neutral
TSLA,The cycle continues for $TSLA,neutral
TSLA,$TSLA $400 calls exp Dec 6th - am I an idiot?,negative
TSLA,TSLA calls help me lose 10k that I donâ€™t have,neutral
TSLA,TSLA 400p 7/17 confirmed?,neutral
TSLA,"If Optimus was part of your TSLA thesis, how can you not short it after seeing this",neutral
TSLA,Someone is selling one TSLA share PRE-SPLIT,positive
TSLA,I've been holding $TSLA for a number of years. Do I get out now because of this whole Twitter debacle or hold?,positive
TSLA,TSLA Holders in 2024,neutral
TSLA,HAPPY TSLA BACHELOR PARTY DAY!,positive
TSLA,"Apple Cancels Work on Electric Car, Shifts Team to Generative AI $tsla ðŸš€",negative
TSLA,ðŸ’¸ $1 Million Dollar Tesla Short ($TSLA) ðŸ“‰,neutral
TSLA,$44K to $1.7M gains in $TSLA options,positive
TSLA,How is tsla q2 results not terrible? ,positive
TSLA,TSLA investors be like,positive
TSLA,Long-term outlook for TSLA is still looking good ðŸ‘ðŸ¾,positive
TSLA,Call me dumb but doesnâ€™t this chart pattern show that $TSLA is about to shoot to the moon?,negative
TSLA,Fresh technical analysis on TSLA from our favorite meme stock analyst,positive
TSLA,"Calls on TSLA, theyâ€™re making bus now",neutral
TSLA,"GlideOutside: I just paid a world record price of $500 each for shares of $TSLA ($400k total, on margin) ",positive
TSLA,TSLA TENDIES,neutral
TSLA,My lifesavings are in TSLA please don't ElonðŸ™ðŸ¼,positive
TSLA,Margin swing trade into $TSLA earning. FOMO the huge rally after ERâ€¦Just going to hit the sell button and never look back.,positive
TSLA,Galaxy Brain buys TSLA calls after 100% rally,neutral
TSLA,Buy $TSLA,neutral
TSLA,$TSLA Gang RISE UP,neutral
TSLA,Ark projects that TSLA will sell 17m cars per year by 2026 with a worse case of only selling 10m cars per year,negative
TSLA,Lose 99% of my savings to $TSLA call,negative
TSLA,"Iâ€™m back, 50k in TSLA Puts",neutral
TSLA,"TSLA + PLTR literally going to MOOON, do not miss out !!!",positive
TSLA,Wtf just happened with TSLA AH?!,negative
TSLA,ðŸ’¸ $1 Million Dollar Tesla Short ($TSLA) ðŸ“‰ (PART 2 EXECUTED âœ…),neutral
TSLA,I'm only going to say this once. Stop shorting TSLA,negative
TSLA,I Paper Handed My Way Out of Scoring Nearly $200k in TSLA Puts Today,neutral
TSLA,wtf is going on with TSLA?,negative
TSLA,Holding TSLA for almost 10 years. When do I get my diamond hand merit badge?,positive
TSLA,TSLA SET TO JOIN S&P 500. Congrats you degenerates.,positive
TSLA,Adopted my new dog Apollo with TSLA gains,positive
TSLA,TSLA shorts vs longs.,neutral
TSLA,TSLA insiders dumping bags(red) VS buying(green),negative
TSLA,Elmo got me. 30k loss on 155k TSLA short,negative
TSLA,Only took me 9 days to lose 290k yoloing on TSLA calls,negative
TSLA,$TSLA Gain Porn...,positive
TSLA,TSLA vs NIO vs FSR vs LI vs NKLA vs XPEV: A WallStreetBets Movie,neutral
TSLA,POV: You never invested in TSLA,neutral
TSLA,Time to trade in TSLA for a Model 3.,neutral
TSLA,Go all in on TSLA they said ðŸ˜‚,positive
TSLA,I'm free... freefalling (TSLA -32%),positive
TSLA,TSLA still has to fall 37% before it loses 1 trillion in market cap,negative
TSLA,Too late for TSLA? Don't forget the first company that got Elon his hair back.,positive
TSLA,66.9k on TSLA Calls Into Earnings,neutral
TSLA,"GlideOutside TSLA 12/9 yolo $420K -> $155K, retirement has been delayed indefinitely",positive
TSLA,TSLA is in severe trouble! Slashing prices viciously on everything in China! Expect share prices to continue dropping,negative
TSLA,Calls on TSLA. New Model was just announced,neutral
TSLA,"Reminder that if your friends still enjoy hanging out with you, youâ€™re not talking about $TSLA enough",positive
TSLA,$TSLA is going down,neutral
TSLA,TSLA ðŸ’Ž Hands 950%,neutral
TSLA,Iâ€™m stupid and bought TSLA puts,negative
TSLA,remember when elon pumped $TSLA instead of dumping it?!,negative
TSLA,TSLA Before & After Earnings Today,neutral
TSLA,"tsla ðŸ» will be decimated, this will happen after q3/q4",neutral
TSLA,Musk Pay Package is a lose/lose for TSLA,negative
TSLA,Wanna Play $TSLA but no Money? $VALE,negative
TSLA,Prepaid $TSLA Calls! Only 1.1k!!!,neutral
TSLA,"I made $5K on TSLA puts Friday, swapped them for calls to make another $5K. This is too easy!",positive
TSLA,$773K TSLA calls bought just before close today,neutral
TSLA,$TSLA - going below $125?,neutral
TSLA,"$TSLA to $260 today, so I dropped $40k on 0DTE lotto tickets",neutral
TSLA,It's time to buy $TSLA ($165). My bull case.,neutral
TSLA,Yoloâ€™d 500k on TSLA puts before EOD,neutral
TSLA,Lol fuck $TSLA,negative
TSLA,$TSLA Calls Closed +$400k,neutral
TSLA,Yolo'ed 80% of my life savings in a TSLA short position. I double dare you retards.. The bubble must pop.,neutral
TSLA,$98k YOLO on $TSLA 10/18 calls. Tesla is going to print after the Cybercab unveil,positive
TSLA,Sold all my TSLA shares! We made it guys.,positive
TSLA,"2 years of TSLA, TSLA, and more TSLA",neutral
TSLA,TSLA come on!!!!,neutral
TSLA,Why I'm playing TSLA puts today,positive
TSLA,"$TSLA, Lord of S&P500",neutral
TSLA,"Thatâ€™s it, sell TSLA and buy COIN",neutral
TSLA,TSLA ðŸš€ðŸš€ðŸš€ðŸš€ PAPA MUSK RICHEST MAN IN THE WORLD,positive
TSLA,"Papa Musk on Fire, TSLA to 1000 confirm",negative
TSLA,So last time I lost 99% of savings to $TSLA call and I thought it won't happen again. I also changed the theme to light to improve my luck. Now I lost >100%,positive
TSLA,TSLA hyberbulls are facing margin calls now. Firesale in the making?,neutral
TSLA,"I did it! $10K to $100K YTD Brought to you (mostly) by the letters NVDA, GME, TSLA, COST, TLRY, & SPY",neutral
TSLA,TSLA goes Brrrrrr... Burry deletes account ðŸ˜­,negative
TSLA,Iâ€™m not selling until TSLA is at $20! F*ck Musk & the Musketeerâ€™s,neutral
TSLA,$TSLA Fud,negative
TSLA,"+$153,000 in 19 minutes (TSLA Calls 12/17 Expiry)",neutral
TSLA,"My strategy is simple, I only buy TSLA. I sell puts to ðŸ».",neutral
TSLA,"I sold TSLA 0DTE puts at open, 46k loss. 30 mins later it would be 190K profit",positive
TSLA,TSLA bought before end of day yesterday. Sold today 80k gain,positive
TSLA,Everything is fine. $TSLA,positive
TSLA,"When 90% of a $2.8 mil portfolio is powered by WSB meme stocks, who says WSB is full of dumb money? TSLA, GME, AMC, PLTR. I'm not fucking leaving!",negative
TSLA,The lore of TSLA. Short now or die trying.,negative
TSLA,1M in Puts at 20.00 for TSLA???? Which one of you did this,neutral
TSLA,"The reality of $TSLA. Thousands of consumer complaints, hundreds of pending investigations. Waiting for FSD to unlock level 69 lawsuits.",negative
TSLA,SpaceX IPO next month? $TSLA,neutral
TSLA,Hertz officially throws TSLA under the bus.,neutral
TSLA,TSLA Crash is Imminent ðŸ“‰,negative
TSLA,"TSLA stock price correlates with Google searches for ""never gonna give you up"".",neutral
TSLA,Rip to the guy who took out a 15k loan for 30k in puts on TSLA,neutral
TSLA,$TSLA today ðŸ‘€,neutral
TSLA,$TSLA Elon brings China folks to run Texas factory. Bullish.,neutral
TSLA,$TSLA Gang: Moonday Moon Mission,neutral
TSLA,"Last May, my mother moved her RIRA to Etrade and gave me the password. I sold options to WSB and bought TSLA, SMCI, and NVDA.",neutral
TSLA,Did I do this right? Are you proud of me? Tsla Puts,positive
TSLA,$TSLA carrying my portfolio ,neutral
TSLA,Why is TSLA up big on missing earnings estimates?,negative
TSLA,TSLA to the fucking moon,neutral
TSLA,"420.69% YEAR TO DATE GAINS TODAY. I OBEYED POPPA ELON. I OUTPERFORMED QUEEN CATHIE. MY DIAMOND HANDS IS HOT BOIS. I AM KING AUTIST. Home runs on TSLA->TCNNF->PENN->PTON->JMIA. Moving some gains to div yield & defensive positions: GBTC, T, SQ, GS, MO, RIOT, AXP, TSN #JosephWarrenBuffettDirt",positive
TSLA,TSLA R FUK,neutral
TSLA,$TSLA: The DD of a lifetime: GAIN ,positive
TSLA,TSLA 2022 Recap!,neutral
TSLA,Michael Burry to his fans who shorted TSLA because of him.,neutral
TSLA,"Bought a $20 put Friday near market close hoping TSLA would drop. It didn't, so I let it expire worthless. Writer had other plans...",negative
TSLA,I (only) lost $32k shorting TSLA this month ,negative
TSLA,20K yolo into TSLA Puts for Friday 45 X 200p 3/3exp,positive
TSLA,59% of TSLA autopilot crashes had visual of potential collision for over 10 seconds.,negative
TSLA,I accept the consequences of my actions. TSLA to the floor.,positive
TSLA,"Tsla to 3000 now possible,",neutral
TSLA,~$20k daily loss the other day with naked calls on $TSLA,negative
TSLA,"""Man Who Lost Everything In $TSLA Just Wishes Several Thousand More People Had Warned Him""",negative
TSLA,"If Tesla $TSLA is down 5%, how are PUTS down ??",neutral
TSLA,Hold or Sell $TSLA put,neutral
TSLA,Nvda Tsla inversely correlated lately,neutral
TSLA,Buy $TSLA puts,neutral
TSLA,Thanks TSLA for 1092% gains in 2020!,positive
TSLA,Why Iâ€™m short TSLA and you should be too,neutral
TSLA,$TSLA is basically an index fund.â€ Kevin Oâ€™Leary,neutral
TSLA,I went TSLA all in,neutral
TSLA,$TSLA permabulls be like,positive
TSLA,Danish pension funds (43 billion USD) starts selling TSLA stocks due to labor union dispute,negative
TSLA,TSLA Shorts over the years...,neutral
TSLA,Hope the guy who YOLO'd into TSLA puts today is doing OK,positive
TSLA,"$TSLA, the OG Meme Maker.",neutral
TSLA,EVERYONE SHUT UP ABOUT TSLA AND PLUG GAINS,positive
TSLA,TSLA Calls Update aka: The Greatest Comeback of All Time,positive
TSLA,"Tsla yolo, my final play",positive
TSLA,TSLA: Big question for Elon today on earnings day!,neutral
TSLA,Calling the top on $TSLA. Change my mind,positive
TSLA,$86K gain thanks TSLA,positive
TSLA,"After bagholding $TSLA for almost two years, finally out of the red.",neutral
TSLA,150k on TSLA $700c 4/9,neutral
TSLA,TSLA CAN SENSE A DEAD MAN WALKING. TSLA TO 1000 EOW ðŸš€ðŸš€,negative
TSLA,$70k dumped into 2/26 TSLA calls this morning,negative
TSLA,UBS downgrades $tsla to $147,neutral
TSLA,Forest Gump is a Billionaire and you can be too by holding TSLA for the next 26 years,neutral
TSLA,When you realize you should've bought $TSLA puts instead of calls,neutral
TSLA,TSLA Calls vanquished my last hope. Had $1k 24 hours ago,positive
TSLA,Gains are not worth the risk,positive
TSLA,UPDATE: Became a member of the Six Figure Club today thanks to $TSLA. Started at $5k on Jan 3rd 2020. Now worth $145k a month later.,positive
TSLA,2023 is TSLA bear season,neutral
TSLA,Going long on $TSLA before the model Y reveal,neutral
TSLA,Big TSLA oof,neutral
TSLA,TSLA To The MoonðŸš€ðŸš€ðŸš€ðŸš€ðŸš€,neutral
TSLA,TSLA,neutral
TSLA,Finally caved in & bought TSLA (1st time). I know RH sucks but I keep all my risky investments on it (I use Fidelity for other stuff),negative
TSLA,"Alex Karp says Buy the Dip !!! PLTR MOON SOON !! , while GME BBBY BB AND TSLA celebrate. WSB visualised.",positive
TSLA,TSLA clearly does not deserve to be a part of the Mag 7 club anymore ,positive
TSLA,Coping with Loss in the Time of ðŸ¥­ (TSLA and LUNR),negative
TSLA,"TSLA 7/17, A Short Story.",neutral
TSLA,TSLA officially forming the Imperial Star Destroyer pattern,negative
TSLA,Blatant CNBC $TSLA FUD. Itâ€™s literally north of 80% IRL,negative
TSLA,How I feel holding TSLA puts right now,neutral
TSLA,$TSLA Gang: fully erect,neutral
TSLA,The insane $TSLA bull case no analyst sees coming yet,negative
TSLA,Iâ€™ll will put a stop to the TSLA moon. https://imgur.com/a/WgewAra,negative
TSLA,$TSLA $1K tomorrow,neutral
TSLA,Me getting 2% in TSLA today while GME gets 25%,neutral
TSLA,"It's gonna suck paying Uncle Sam in April! 2020 Gains: 250K from QQQ calls, 250K from SPY calls/puts, 500K from TSLA calls",negative
